,,s,s,s
Time Step,Wall Time,Step Size,Simulation Time,CPU Time
      1,2021-03-07T22:29:32.457-05:00,   0.102E+00,   0.10206,   6.19932
      2,2021-03-07T22:29:32.501-05:00,   0.102E+00,   0.20412,   6.36497
      3,2021-03-07T22:29:32.532-05:00,   0.102E+00,   0.30619,   6.48999
      4,2021-03-07T22:29:32.581-05:00,   0.102E+00,   0.40825,   6.67333
      5,2021-03-07T22:29:32.611-05:00,   0.102E+00,   0.51031,   6.79393
      6,2021-03-07T22:29:32.647-05:00,   0.102E+00,   0.61237,   6.92770
      7,2021-03-07T22:29:32.685-05:00,   0.102E+00,   0.71443,   7.07878
      8,2021-03-07T22:29:32.720-05:00,   0.102E+00,   0.81650,   7.21295
      9,2021-03-07T22:29:32.753-05:00,   0.102E+00,   0.91856,   7.34486
     10,2021-03-07T22:29:32.796-05:00,   0.102E+00,   1.02062,   7.50925
     20,2021-03-07T22:29:33.243-05:00,   0.102E+00,   2.04124,   8.95818
     30,2021-03-07T22:29:33.754-05:00,   0.754E-01,   2.90124,  10.67236
     40,2021-03-07T22:29:34.236-05:00,   0.754E-01,   3.65558,  12.25449
     50,2021-03-07T22:29:34.584-05:00,   0.665E-01,   4.39211,  13.60239
     60,2021-03-07T22:29:35.024-05:00,   0.665E-01,   5.05737,  15.03315
     70,2021-03-07T22:29:35.372-05:00,   0.732E-01,   5.76255,  16.37783
     80,2021-03-07T22:29:35.816-05:00,   0.732E-01,   6.49434,  17.82010
     90,2021-03-07T22:29:36.173-05:00,   0.636E-01,   7.17831,  19.19692
    100,2021-03-07T22:29:36.661-05:00,   0.636E-01,   7.81445,  20.81598
    200,2021-03-07T22:29:40.597-05:00,   0.451E-01,  12.46397,  34.92189
    300,2021-03-07T22:29:44.487-05:00,   0.451E-01,  16.96990,  48.87881
    400,2021-03-07T22:29:48.596-05:00,   0.405E-01,  21.43029,  63.84583
    500,2021-03-07T22:29:52.753-05:00,   0.405E-01,  25.48093,  78.76819
    600,2021-03-07T22:29:56.538-05:00,   0.405E-01,  29.53157,  92.53168
    700,2021-03-07T22:30:00.341-05:00,   0.405E-01,  33.58221, 106.40446
    800,2021-03-07T22:30:04.309-05:00,   0.405E-01,  37.63285, 120.60684
    900,2021-03-07T22:30:08.051-05:00,   0.405E-01,  41.68349, 134.25540
   1000,2021-03-07T22:30:12.224-05:00,   0.357E-01,  45.56968, 149.41022
   1100,2021-03-07T22:30:16.294-05:00,   0.258E-01,  48.69992, 164.20541
   1200,2021-03-07T22:30:19.881-05:00,   0.258E-01,  51.28414, 177.50787
   1300,2021-03-07T22:30:23.558-05:00,   0.284E-01,  54.12677, 190.84929
   1400,2021-03-07T22:30:27.147-05:00,   0.253E-01,  56.93214, 204.14977
   1500,2021-03-07T22:30:31.303-05:00,   0.226E-01,  59.38902, 219.44013
   1600,2021-03-07T22:30:35.038-05:00,   0.223E-01,  61.75838, 233.25653
   1700,2021-03-07T22:30:38.857-05:00,   0.245E-01,  63.99919, 247.37802
   1800,2021-03-07T22:30:42.514-05:00,   0.179E-01,  65.83027, 261.18042
   1900,2021-03-07T22:30:46.399-05:00,   0.190E-01,  67.54692, 275.56707
   2000,2021-03-07T22:30:50.036-05:00,   0.231E-01,  69.86861, 289.01245
   2100,2021-03-07T22:30:53.851-05:00,   0.205E-01,  72.04203, 303.14177
   2200,2021-03-07T22:30:57.447-05:00,   0.198E-01,  74.34492, 316.72200
   2300,2021-03-07T22:31:01.143-05:00,   0.237E-01,  76.58781, 330.37308
   2400,2021-03-07T22:31:04.818-05:00,   0.148E-01,  78.85525, 343.96348
   2500,2021-03-07T22:31:08.517-05:00,   0.197E-01,  80.60078, 357.61425
   2600,2021-03-07T22:31:12.223-05:00,   0.201E-01,  82.83957, 371.32222
   2700,2021-03-07T22:31:15.951-05:00,   0.151E-01,  84.40457, 385.37202
   2800,2021-03-07T22:31:19.835-05:00,   0.235E-01,  86.74690, 399.73713
   2900,2021-03-07T22:31:23.473-05:00,   0.209E-01,  89.05149, 413.18707
   3000,2021-03-07T22:31:27.105-05:00,   0.149E-01,  90.80376, 426.88176
   3100,2021-03-07T22:31:30.747-05:00,   0.194E-01,  92.28379, 440.61144
   3200,2021-03-07T22:31:34.497-05:00,   0.185E-01,  94.41988, 454.46683
   3300,2021-03-07T22:31:38.526-05:00,   0.140E-01,  96.20215, 469.02857
   3400,2021-03-07T22:31:42.146-05:00,   0.177E-01,  97.90371, 482.68259
   3500,2021-03-07T22:31:45.960-05:00,   0.203E-01,  99.70609, 496.76786
   3600,2021-03-07T22:31:49.561-05:00,   0.203E-01, 101.73462, 510.32147
   3700,2021-03-07T22:31:53.547-05:00,   0.177E-01, 103.60015, 525.07373
   3800,2021-03-07T22:31:57.458-05:00,   0.210E-01, 105.73546, 539.55061
   3900,2021-03-07T22:32:01.164-05:00,   0.197E-01, 107.72505, 553.49254
   4000,2021-03-07T22:32:04.990-05:00,   0.168E-01, 109.67124, 567.65552
   4100,2021-03-07T22:32:08.574-05:00,   0.204E-01, 111.56936, 581.15002
   4200,2021-03-07T22:32:12.579-05:00,   0.195E-01, 113.63667, 595.89134
   4300,2021-03-07T22:32:16.539-05:00,   0.197E-01, 115.47518, 610.47201
   4400,2021-03-07T22:32:20.420-05:00,   0.152E-01, 117.71055, 624.79239
   4500,2021-03-07T22:32:24.072-05:00,   0.246E-01, 119.33169, 638.49981
   4600,2021-03-07T22:32:27.950-05:00,   0.221E-01, 121.58935, 652.78959
   4700,2021-03-07T22:32:31.820-05:00,   0.198E-01, 123.70612, 666.98482
   4800,2021-03-07T22:32:35.655-05:00,   0.993E-02, 125.38209, 681.41306
   4900,2021-03-07T22:32:39.430-05:00,   0.207E-01, 127.21638, 695.34924
   5000,2021-03-07T22:32:43.045-05:00,   0.218E-01, 129.20315, 708.94511
   5100,2021-03-07T22:32:46.811-05:00,   0.140E-01, 131.27684, 722.82346
   5200,2021-03-07T22:32:50.643-05:00,   0.118E-01, 132.60852, 737.20885
   5300,2021-03-07T22:32:54.538-05:00,   0.216E-01, 134.84038, 751.56755
   5400,2021-03-07T22:32:58.411-05:00,   0.191E-01, 137.08817, 765.83142
   5500,2021-03-07T22:33:02.270-05:00,   0.116E-01, 138.88776, 780.37479
   5600,2021-03-07T22:33:06.127-05:00,   0.218E-01, 140.75444, 794.57427
   5700,2021-03-07T22:33:09.982-05:00,   0.175E-01, 142.91211, 808.77055
   5800,2021-03-07T22:33:13.672-05:00,   0.190E-01, 144.84878, 822.62654
   5900,2021-03-07T22:33:17.654-05:00,   0.184E-01, 146.93087, 837.30654
   6000,2021-03-07T22:33:21.477-05:00,   0.222E-01, 148.91055, 851.37720
   6100,2021-03-07T22:33:25.259-05:00,   0.222E-01, 151.13430, 865.57059
   6200,2021-03-07T22:33:29.132-05:00,   0.196E-01, 153.32623, 879.84919
   6300,2021-03-07T22:33:33.085-05:00,   0.169E-01, 154.80211, 894.40797
   6400,2021-03-07T22:33:36.876-05:00,   0.147E-01, 156.47445, 908.59798
   6500,2021-03-07T22:33:40.652-05:00,   0.172E-01, 158.27376, 922.75364
   6600,2021-03-07T22:33:44.553-05:00,   0.189E-01, 160.40843, 937.09707
   6700,2021-03-07T22:33:48.438-05:00,   0.225E-01, 162.27700, 951.38097
   6800,2021-03-07T22:33:52.215-05:00,   0.201E-01, 164.31664, 965.56611
   6900,2021-03-07T22:33:56.066-05:00,   0.201E-01, 166.32717, 979.75067
   7000,2021-03-07T22:33:59.873-05:00,   0.151E-01, 167.99936, 994.04448
   7100,2021-03-07T22:34:03.822-05:00,   0.194E-01, 170.17504,1008.60854
   7200,2021-03-07T22:34:07.758-05:00,   0.168E-01, 172.13530,1023.12501
   7300,2021-03-07T22:34:11.761-05:00,   0.201E-01, 174.10007,1037.91962
   7400,2021-03-07T22:34:15.822-05:00,   0.129E-01, 175.46206,1053.10880
   7500,2021-03-07T22:34:20.025-05:00,   0.190E-01, 177.38129,1068.84866
   7600,2021-03-07T22:34:24.074-05:00,   0.186E-01, 179.22178,1083.60263
   7700,2021-03-07T22:34:28.095-05:00,   0.151E-01, 180.99619,1098.61940
   7800,2021-03-07T22:34:32.089-05:00,   0.190E-01, 182.92743,1113.36478
   7900,2021-03-07T22:34:35.838-05:00,   0.126E-01, 184.43881,1127.44926
   8000,2021-03-07T22:34:39.862-05:00,   0.167E-01, 186.21893,1142.29335
   8100,2021-03-07T22:34:43.685-05:00,   0.194E-01, 188.14520,1156.62746
   8200,2021-03-07T22:34:47.527-05:00,   0.247E-01, 190.14234,1170.79326
   8300,2021-03-07T22:34:51.426-05:00,   0.214E-01, 192.26123,1185.19563
   8400,2021-03-07T22:34:55.741-05:00,   0.214E-01, 194.40319,1201.05271
   8500,2021-03-07T22:34:59.705-05:00,   0.172E-01, 196.26761,1215.95304
   8600,2021-03-07T22:35:03.648-05:00,   0.156E-01, 198.15970,1230.46040
   8700,2021-03-07T22:35:07.901-05:00,   0.179E-01, 200.10141,1246.35632
   8800,2021-03-07T22:35:12.233-05:00,   0.155E-01, 201.58943,1262.50678
   8900,2021-03-07T22:35:15.993-05:00,   0.179E-01, 203.53015,1276.40830
   9000,2021-03-07T22:35:19.652-05:00,   0.137E-01, 205.37482,1289.93114
   9100,2021-03-07T22:35:23.238-05:00,   0.175E-01, 206.90275,1303.41963
   9200,2021-03-07T22:35:26.926-05:00,   0.138E-01, 208.69523,1317.30046
   9300,2021-03-07T22:35:30.732-05:00,   0.190E-01, 210.13054,1331.34633
   9400,2021-03-07T22:35:34.397-05:00,   0.175E-01, 212.20540,1345.13108
   9500,2021-03-07T22:35:38.338-05:00,   0.171E-01, 214.00332,1359.64552
   9600,2021-03-07T22:35:42.187-05:00,   0.138E-01, 215.82713,1374.12674
   9700,2021-03-07T22:35:46.102-05:00,   0.155E-01, 217.15385,1388.81396
   9800,2021-03-07T22:35:49.937-05:00,   0.186E-01, 219.06966,1402.94696
   9900,2021-03-07T22:35:53.658-05:00,   0.143E-01, 220.76885,1416.92653
  10000,2021-03-07T22:35:57.404-05:00,   0.134E-01, 222.13426,1430.74597
  10100,2021-03-07T22:36:01.015-05:00,   0.196E-01, 223.75284,1444.31450
  10200,2021-03-07T22:36:04.739-05:00,   0.170E-01, 225.64597,1458.05337
  10300,2021-03-07T22:36:08.304-05:00,   0.201E-01, 227.45469,1471.41407
  10400,2021-03-07T22:36:12.046-05:00,   0.210E-01, 229.31951,1485.23758
  10500,2021-03-07T22:36:15.559-05:00,   0.241E-01, 231.32819,1498.44479
  10600,2021-03-07T22:36:19.235-05:00,   0.192E-01, 233.61490,1512.00908
  10700,2021-03-07T22:36:22.991-05:00,   0.207E-01, 235.50315,1525.83109
  10800,2021-03-07T22:36:26.793-05:00,   0.114E-01, 237.03656,1540.16806
  10900,2021-03-07T22:36:30.400-05:00,   0.197E-01, 238.75027,1553.74710
  11000,2021-03-07T22:36:34.084-05:00,   0.191E-01, 240.58064,1567.33036
  11100,2021-03-07T22:36:37.786-05:00,   0.169E-01, 242.53875,1580.99485
  11200,2021-03-07T22:36:41.382-05:00,   0.199E-01, 244.53171,1594.49904
  11300,2021-03-07T22:36:45.104-05:00,   0.103E-01, 246.16203,1608.22997
  11400,2021-03-07T22:36:48.629-05:00,   0.232E-01, 247.74953,1621.48121
  11500,2021-03-07T22:36:52.341-05:00,   0.300E-01, 250.52551,1635.22044
  11600,2021-03-07T22:36:56.120-05:00,   0.266E-01, 253.29845,1648.92487
  11700,2021-03-07T22:36:59.975-05:00,   0.264E-01, 256.14522,1663.20170
  11800,2021-03-07T22:37:03.736-05:00,   0.188E-01, 257.58567,1677.37208
  11900,2021-03-07T22:37:07.418-05:00,   0.250E-01, 259.97921,1690.93450
  12000,2021-03-07T22:37:11.217-05:00,   0.221E-01, 262.27572,1705.00513
  12100,2021-03-07T22:37:14.956-05:00,   0.203E-01, 263.79366,1719.07099
  12200,2021-03-07T22:37:18.675-05:00,   0.199E-01, 265.88003,1732.77924
  12300,2021-03-07T22:37:22.246-05:00,   0.241E-01, 268.03663,1745.96847
  12400,2021-03-07T22:37:25.903-05:00,   0.144E-01, 269.49219,1759.78217
  12500,2021-03-07T22:37:29.576-05:00,   0.138E-01, 271.21121,1773.34894
  12600,2021-03-07T22:37:33.136-05:00,   0.232E-01, 272.74517,1786.74628
  12700,2021-03-07T22:37:36.738-05:00,   0.196E-01, 274.41150,1800.30777
  12800,2021-03-07T22:37:40.597-05:00,   0.127E-01, 275.70763,1814.81942
  12900,2021-03-07T22:37:44.294-05:00,   0.179E-01, 277.30584,1828.46614
  13000,2021-03-07T22:37:47.845-05:00,   0.225E-01, 279.15755,1841.82175
  13100,2021-03-07T22:37:51.511-05:00,   0.148E-01, 280.98810,1855.35593
  13200,2021-03-07T22:37:55.114-05:00,   0.184E-01, 282.64937,1868.86735
  13300,2021-03-07T22:37:58.726-05:00,   0.223E-01, 284.76333,1882.19974
  13400,2021-03-07T22:38:02.298-05:00,   0.152E-01, 286.45591,1895.63948
  13500,2021-03-07T22:38:06.140-05:00,   0.130E-01, 287.88078,1910.08789
  13600,2021-03-07T22:38:10.026-05:00,   0.175E-01, 289.55445,1924.39602
  13700,2021-03-07T22:38:13.791-05:00,   0.170E-01, 291.45373,1938.53030
  13800,2021-03-07T22:38:17.560-05:00,   0.201E-01, 292.83592,1952.39396
  13900,2021-03-07T22:38:21.253-05:00,   0.107E-01, 294.61260,1966.29587
  14000,2021-03-07T22:38:25.115-05:00,   0.170E-01, 296.15161,1980.80086
  14100,2021-03-07T22:38:28.958-05:00,   0.259E-01, 298.18559,1994.98366
  14200,2021-03-07T22:38:32.963-05:00,   0.335E-01, 301.23986,2009.59537
  14300,2021-03-07T22:38:36.707-05:00,   0.123E-01, 303.42988,2023.73066
  14400,2021-03-07T22:38:40.373-05:00,   0.289E-01, 305.46539,2037.24576
  14500,2021-03-07T22:38:44.159-05:00,   0.116E-01, 306.93832,2051.48821
  14600,2021-03-07T22:38:48.053-05:00,   0.140E-01, 308.41467,2065.83906
  14700,2021-03-07T22:38:51.696-05:00,   0.205E-01, 310.26392,2079.49613
  14800,2021-03-07T22:38:55.477-05:00,   0.139E-01, 312.33993,2093.44464
  14900,2021-03-07T22:38:59.031-05:00,   0.196E-01, 313.91487,2106.79172
  15000,2021-03-07T22:39:02.797-05:00,   0.202E-01, 316.06654,2120.70658
  15100,2021-03-07T22:39:06.512-05:00,   0.325E-01, 318.96495,2134.43866
  15200,2021-03-07T22:39:10.294-05:00,   0.358E-01, 322.32810,2148.16549
  15300,2021-03-07T22:39:14.046-05:00,   0.123E-01, 324.68804,2162.02618
  15400,2021-03-07T22:39:17.650-05:00,   0.219E-01, 326.40630,2175.31885
  15500,2021-03-07T22:39:21.211-05:00,   0.117E-01, 328.04296,2188.71945
  15600,2021-03-07T22:39:24.726-05:00,   0.221E-01, 329.78219,2201.93085
  15700,2021-03-07T22:39:28.406-05:00,   0.221E-01, 331.98814,2215.48811
  15800,2021-03-07T22:39:32.162-05:00,   0.143E-01, 334.10368,2229.37503
  15900,2021-03-07T22:39:35.779-05:00,   0.203E-01, 335.82161,2242.99957
  16000,2021-03-07T22:39:39.521-05:00,   0.198E-01, 337.42940,2256.81304
  16100,2021-03-07T22:39:43.142-05:00,   0.161E-01, 339.37591,2270.42158
  16200,2021-03-07T22:39:46.840-05:00,   0.191E-01, 340.94527,2284.07896
  16300,2021-03-07T22:39:50.408-05:00,   0.228E-01, 342.97005,2297.50464
  16400,2021-03-07T22:39:54.106-05:00,   0.141E-01, 345.28384,2311.17512
  16500,2021-03-07T22:39:57.695-05:00,   0.160E-01, 346.56220,2324.65991
  16600,2021-03-07T22:40:01.369-05:00,   0.143E-01, 348.23687,2338.22893
  16700,2021-03-07T22:40:05.002-05:00,   0.140E-01, 349.43558,2351.88908
  16800,2021-03-07T22:40:08.756-05:00,   0.108E-01, 350.50668,2366.02904
  16900,2021-03-07T22:40:12.409-05:00,   0.120E-01, 351.83659,2379.74591
  17000,2021-03-07T22:40:15.980-05:00,   0.159E-01, 353.28180,2393.14852
  17100,2021-03-07T22:40:19.624-05:00,   0.946E-02, 354.69436,2406.81927
  17200,2021-03-07T22:40:23.292-05:00,   0.121E-01, 355.96623,2420.60304
  17300,2021-03-07T22:40:27.006-05:00,   0.115E-01, 357.24001,2434.54115
  17400,2021-03-07T22:40:30.728-05:00,   0.109E-01, 358.54445,2448.53117
  17500,2021-03-07T22:40:34.377-05:00,   0.169E-01, 359.96827,2462.20118
  17600,2021-03-07T22:40:38.236-05:00,   0.109E-01, 361.40415,2476.43672
  17700,2021-03-07T22:40:41.877-05:00,   0.140E-01, 362.62212,2490.09529
  17800,2021-03-07T22:40:45.526-05:00,   0.116E-01, 364.11835,2503.81150
  17900,2021-03-07T22:40:49.160-05:00,   0.135E-01, 365.31018,2517.43589
  18000,2021-03-07T22:40:52.776-05:00,   0.166E-01, 366.62245,2530.98227
  18100,2021-03-07T22:40:56.474-05:00,   0.129E-01, 368.03193,2544.82261
  18200,2021-03-07T22:41:00.209-05:00,   0.133E-01, 369.29444,2558.82459
  18300,2021-03-07T22:41:03.925-05:00,   0.116E-01, 370.51215,2572.75061
  18400,2021-03-07T22:41:07.751-05:00,   0.958E-02, 371.87208,2587.08536
  18500,2021-03-07T22:41:11.407-05:00,   0.114E-01, 373.14293,2600.79796
  18600,2021-03-07T22:41:15.022-05:00,   0.145E-01, 374.34191,2614.35439
  18700,2021-03-07T22:41:18.864-05:00,   0.142E-01, 375.60513,2628.45593
  18800,2021-03-07T22:41:22.607-05:00,   0.135E-01, 376.91982,2642.48017
  18900,2021-03-07T22:41:26.273-05:00,   0.137E-01, 378.08913,2656.19738
  19000,2021-03-07T22:41:29.985-05:00,   0.122E-01, 379.34832,2670.10809
  19100,2021-03-07T22:41:33.667-05:00,   0.146E-01, 380.64450,2683.90797
  19200,2021-03-07T22:41:37.521-05:00,   0.111E-01, 381.86832,2698.36465
  19300,2021-03-07T22:41:41.352-05:00,   0.112E-01, 383.18010,2712.75555
  19400,2021-03-07T22:41:45.014-05:00,   0.152E-01, 384.43835,2726.48218
  19500,2021-03-07T22:41:48.903-05:00,   0.160E-01, 385.58096,2741.06939
  19600,2021-03-07T22:41:52.703-05:00,   0.988E-02, 386.97262,2755.31805
  19700,2021-03-07T22:41:56.436-05:00,   0.135E-01, 388.16862,2769.29697
  19800,2021-03-07T22:42:00.278-05:00,   0.128E-01, 389.27555,2783.70503
  19900,2021-03-07T22:42:04.032-05:00,   0.102E-01, 390.70529,2797.78834
  20000,2021-03-07T22:42:07.788-05:00,   0.152E-01, 391.87188,2811.88508
  20100,2021-03-07T22:42:11.503-05:00,   0.108E-01, 393.03861,2825.79452
  20200,2021-03-07T22:42:15.289-05:00,   0.116E-01, 394.18108,2839.99880
  20300,2021-03-07T22:42:18.998-05:00,   0.133E-01, 395.27907,2853.88172
  20400,2021-03-07T22:42:22.745-05:00,   0.108E-01, 396.45950,2867.91980
  20500,2021-03-07T22:42:26.842-05:00,   0.141E-01, 397.68641,2883.18174
  20600,2021-03-07T22:42:30.910-05:00,   0.132E-01, 398.91429,2898.41209
  20700,2021-03-07T22:42:35.059-05:00,   0.121E-01, 400.09975,2913.94108
  20800,2021-03-07T22:42:39.634-05:00,   0.114E-01, 401.33574,2930.96611
  20900,2021-03-07T22:42:43.572-05:00,   0.105E-01, 402.40791,2945.66632
  21000,2021-03-07T22:42:47.431-05:00,   0.115E-01, 403.59686,2960.09349
  21100,2021-03-07T22:42:51.458-05:00,   0.105E-01, 404.65263,2975.13933
  21200,2021-03-07T22:42:55.304-05:00,   0.130E-01, 405.87573,2989.54822
  21300,2021-03-07T22:42:59.279-05:00,   0.915E-02, 406.96550,3004.38843
  21400,2021-03-07T22:43:03.237-05:00,   0.111E-01, 408.00648,3019.17351
  21500,2021-03-07T22:43:07.198-05:00,   0.103E-01, 409.17095,3034.25564
  21600,2021-03-07T22:43:11.079-05:00,   0.126E-01, 410.33374,3048.76581
  21700,2021-03-07T22:43:14.880-05:00,   0.119E-01, 411.52651,3062.99963
  21800,2021-03-07T22:43:18.749-05:00,   0.115E-01, 412.64378,3077.47390
  21900,2021-03-07T22:43:22.619-05:00,   0.104E-01, 413.80243,3091.96464
  22000,2021-03-07T22:43:26.478-05:00,   0.967E-02, 414.85494,3106.39919
  22100,2021-03-07T22:43:30.212-05:00,   0.101E-01, 415.94240,3120.36064
  22200,2021-03-07T22:43:34.045-05:00,   0.128E-01, 417.13316,3134.70525
  22300,2021-03-07T22:43:37.921-05:00,   0.134E-01, 418.43034,3149.25992
  22400,2021-03-07T22:43:41.655-05:00,   0.125E-01, 419.73380,3163.26768
  22500,2021-03-07T22:43:45.405-05:00,   0.112E-01, 420.92159,3177.32951
  22600,2021-03-07T22:43:49.168-05:00,   0.993E-02, 421.95646,3191.42366
  22700,2021-03-07T22:43:52.980-05:00,   0.126E-01, 423.05354,3205.70263
  22800,2021-03-07T22:43:56.873-05:00,   0.116E-01, 424.27044,3220.28873
  22900,2021-03-07T22:44:00.686-05:00,   0.113E-01, 425.37188,3234.57509
  23000,2021-03-07T22:44:04.524-05:00,   0.120E-01, 426.50551,3248.91539
  23100,2021-03-07T22:44:08.425-05:00,   0.113E-01, 427.45064,3263.51951
  23200,2021-03-07T22:44:12.293-05:00,   0.904E-02, 428.61060,3278.01970
  23300,2021-03-07T22:44:16.058-05:00,   0.113E-01, 429.64268,3292.08526
  23400,2021-03-07T22:44:19.767-05:00,   0.109E-01, 430.78596,3306.21068
  23500,2021-03-07T22:44:23.567-05:00,   0.104E-01, 431.90513,3320.39737
  23600,2021-03-07T22:44:27.393-05:00,   0.123E-01, 433.06174,3334.68380
  23700,2021-03-07T22:44:31.138-05:00,   0.117E-01, 434.22127,3348.71213
  23800,2021-03-07T22:44:34.955-05:00,   0.119E-01, 435.45731,3362.99457
  23900,2021-03-07T22:44:38.680-05:00,   0.111E-01, 436.58541,3376.93916
  24000,2021-03-07T22:44:42.423-05:00,   0.101E-01, 437.58846,3390.94385
  24100,2021-03-07T22:44:46.206-05:00,   0.120E-01, 438.64200,3405.05129
  24200,2021-03-07T22:44:49.947-05:00,   0.102E-01, 439.74490,3419.07234
  24300,2021-03-07T22:44:53.637-05:00,   0.108E-01, 440.85876,3432.87094
  24400,2021-03-07T22:44:57.383-05:00,   0.112E-01, 442.04497,3446.89483
  24500,2021-03-07T22:45:01.152-05:00,   0.954E-02, 443.18089,3461.03084
  24600,2021-03-07T22:45:04.868-05:00,   0.122E-01, 444.26360,3474.94446
  24700,2021-03-07T22:45:08.657-05:00,   0.906E-02, 445.42909,3489.12387
  24800,2021-03-07T22:45:12.368-05:00,   0.103E-01, 446.43872,3503.00191
  24900,2021-03-07T22:45:16.046-05:00,   0.126E-01, 447.58426,3517.03313
  25000,2021-03-07T22:45:19.817-05:00,   0.108E-01, 448.64589,3531.13912
  25100,2021-03-07T22:45:23.583-05:00,   0.108E-01, 449.72896,3545.19019
  25200,2021-03-07T22:45:27.426-05:00,   0.109E-01, 450.94388,3559.54415
  25300,2021-03-07T22:45:31.443-05:00,   0.994E-02, 452.04431,3574.50173
  25400,2021-03-07T22:45:35.474-05:00,   0.108E-01, 453.08806,3589.52058
  25500,2021-03-07T22:45:39.610-05:00,   0.122E-01, 454.27323,3604.96353
  25600,2021-03-07T22:45:43.597-05:00,   0.109E-01, 455.40747,3619.90609
  25700,2021-03-07T22:45:47.470-05:00,   0.137E-01, 456.46544,3634.37387
  25800,2021-03-07T22:45:51.393-05:00,   0.110E-01, 457.63492,3649.02262
  25900,2021-03-07T22:45:55.350-05:00,   0.838E-02, 458.63902,3663.79479
  26000,2021-03-07T22:45:59.148-05:00,   0.112E-01, 459.32170,3678.28639
  26100,2021-03-07T22:46:02.947-05:00,   0.111E-01, 460.33478,3692.47789
  26200,2021-03-07T22:46:07.047-05:00,   0.110E-01, 461.40417,3707.78059
  26300,2021-03-07T22:46:11.132-05:00,   0.111E-01, 462.46939,3723.00880
  26400,2021-03-07T22:46:15.449-05:00,   0.107E-01, 463.54625,3739.07204
  26500,2021-03-07T22:46:19.546-05:00,   0.114E-01, 464.58344,3754.33429
  26600,2021-03-07T22:46:23.642-05:00,   0.957E-02, 465.65306,3769.62539
  26700,2021-03-07T22:46:27.742-05:00,   0.926E-02, 466.72757,3785.14823
  26800,2021-03-07T22:46:32.187-05:00,   0.936E-02, 467.74469,3801.65860
  26900,2021-03-07T22:46:36.464-05:00,   0.121E-01, 468.88256,3817.55637
  27000,2021-03-07T22:46:40.966-05:00,   0.104E-01, 469.93453,3834.18989
  27100,2021-03-07T22:46:44.920-05:00,   0.105E-01, 471.00765,3848.94396
  27200,2021-03-07T22:46:48.737-05:00,   0.108E-01, 472.10428,3863.19401
  27300,2021-03-07T22:46:52.823-05:00,   0.108E-01, 473.18420,3878.38923
  27400,2021-03-07T22:46:56.736-05:00,   0.950E-02, 474.20064,3892.95323
  27500,2021-03-07T22:47:00.636-05:00,   0.113E-01, 475.26722,3907.49180
  27600,2021-03-07T22:47:04.835-05:00,   0.110E-01, 476.30576,3923.33745
  27700,2021-03-07T22:47:08.799-05:00,   0.100E-01, 477.36461,3938.08951
  27800,2021-03-07T22:47:12.660-05:00,   0.109E-01, 478.47943,3952.47545
  27900,2021-03-07T22:47:16.566-05:00,   0.107E-01, 479.51277,3967.03517
  28000,2021-03-07T22:47:20.518-05:00,   0.102E-01, 480.69324,3981.79992
  28100,2021-03-07T22:47:24.348-05:00,   0.108E-01, 481.78815,3996.09528
  28200,2021-03-07T22:47:28.218-05:00,   0.112E-01, 482.91850,4010.53353
  28300,2021-03-07T22:47:32.180-05:00,   0.997E-02, 483.94959,4025.30077
  28400,2021-03-07T22:47:36.009-05:00,   0.112E-01, 485.06625,4039.58404
  28500,2021-03-07T22:47:40.316-05:00,   0.115E-01, 486.08594,4055.54594
  28600,2021-03-07T22:47:44.146-05:00,   0.113E-01, 487.32036,4069.83757
  28700,2021-03-07T22:47:47.833-05:00,   0.101E-01, 488.31190,4083.82576
  28800,2021-03-07T22:47:51.737-05:00,   0.944E-02, 489.34396,4098.39697
  28900,2021-03-07T22:47:55.663-05:00,   0.992E-02, 490.33793,4113.02882
  29000,2021-03-07T22:47:59.454-05:00,   0.100E-01, 491.48063,4127.19734
  29100,2021-03-07T22:48:03.138-05:00,   0.100E-01, 492.59456,4140.95909
  29200,2021-03-07T22:48:07.077-05:00,   0.979E-02, 493.49930,4155.64759
  29300,2021-03-07T22:48:11.081-05:00,   0.930E-02, 494.56060,4170.54117
  29400,2021-03-07T22:48:14.907-05:00,   0.106E-01, 495.54416,4185.07334
  29500,2021-03-07T22:48:19.015-05:00,   0.103E-01, 496.57045,4200.38736
  29600,2021-03-07T22:48:22.949-05:00,   0.952E-02, 497.67753,4215.02912
  29700,2021-03-07T22:48:26.738-05:00,   0.989E-02, 498.69916,4229.16612
  29800,2021-03-07T22:48:30.489-05:00,   0.103E-01, 499.71347,4243.15276
  29900,2021-03-07T22:48:34.252-05:00,   0.107E-01, 500.74515,4257.20386
  30000,2021-03-07T22:48:37.977-05:00,   0.122E-01, 501.78322,4271.13100
  30100,2021-03-07T22:48:41.699-05:00,   0.939E-02, 502.79654,4285.31982
  30200,2021-03-07T22:48:45.378-05:00,   0.111E-01, 503.79355,4299.06247
  30300,2021-03-07T22:48:49.181-05:00,   0.948E-02, 504.77403,4313.27254
  30400,2021-03-07T22:48:52.984-05:00,   0.108E-01, 505.76295,4327.48150
  30500,2021-03-07T22:48:56.726-05:00,   0.114E-01, 506.78256,4341.44746
  30600,2021-03-07T22:49:00.459-05:00,   0.961E-02, 507.76243,4355.37277
  30700,2021-03-07T22:49:04.110-05:00,   0.102E-01, 508.71999,4369.24271
  30800,2021-03-07T22:49:07.918-05:00,   0.100E-01, 509.72204,4383.45266
  30900,2021-03-07T22:49:11.685-05:00,   0.976E-02, 510.73372,4397.52859
  31000,2021-03-07T22:49:15.554-05:00,   0.111E-01, 511.81354,4411.98313
  31100,2021-03-07T22:49:19.395-05:00,   0.870E-02, 512.78437,4426.34136
  31200,2021-03-07T22:49:23.245-05:00,   0.109E-01, 513.70093,4440.69878
  31300,2021-03-07T22:49:26.932-05:00,   0.104E-01, 514.68681,4454.72394
  31400,2021-03-07T22:49:30.904-05:00,   0.120E-01, 515.64304,4469.48077
  31500,2021-03-07T22:49:34.776-05:00,   0.948E-02, 516.66273,4483.88482
  31600,2021-03-07T22:49:38.593-05:00,   0.891E-02, 517.66030,4498.10488
  31700,2021-03-07T22:49:42.429-05:00,   0.972E-02, 518.65255,4512.38211
  31800,2021-03-07T22:49:46.213-05:00,   0.983E-02, 519.62559,4526.50079
  31900,2021-03-07T22:49:49.935-05:00,   0.972E-02, 520.63790,4540.66036
  32000,2021-03-07T22:49:53.679-05:00,   0.890E-02, 521.62116,4554.62349
  32100,2021-03-07T22:49:57.381-05:00,   0.979E-02, 522.58702,4568.40409
  32200,2021-03-07T22:50:01.183-05:00,   0.872E-02, 523.52973,4582.54184
  32300,2021-03-07T22:50:04.987-05:00,   0.936E-02, 524.50654,4596.71258
  32400,2021-03-07T22:50:08.678-05:00,   0.945E-02, 525.48641,4610.72077
  32500,2021-03-07T22:50:12.512-05:00,   0.904E-02, 526.51211,4625.02627
  32600,2021-03-07T22:50:16.277-05:00,   0.111E-01, 527.50540,4639.07301
  32700,2021-03-07T22:50:20.044-05:00,   0.110E-01, 528.60456,4653.15191
  32800,2021-03-07T22:50:23.838-05:00,   0.100E-01, 529.62946,4667.29821
  32900,2021-03-07T22:50:27.603-05:00,   0.973E-02, 530.61369,4681.32911
  33000,2021-03-07T22:50:31.389-05:00,   0.104E-01, 531.68574,4695.42377
  33100,2021-03-07T22:50:35.122-05:00,   0.106E-01, 532.67086,4709.61511
  33200,2021-03-07T22:50:38.925-05:00,   0.926E-02, 533.67582,4723.76655
  33300,2021-03-07T22:50:42.743-05:00,   0.102E-01, 534.60982,4737.98112
  33400,2021-03-07T22:50:46.655-05:00,   0.101E-01, 535.60460,4752.56942
  33500,2021-03-07T22:50:50.438-05:00,   0.867E-02, 536.56035,4766.66994
  33600,2021-03-07T22:50:54.170-05:00,   0.103E-01, 537.51941,4780.83827
  33700,2021-03-07T22:50:57.991-05:00,   0.996E-02, 538.47118,4795.07757
  33800,2021-03-07T22:51:01.874-05:00,   0.908E-02, 539.45371,4809.55369
  33900,2021-03-07T22:51:05.726-05:00,   0.986E-02, 540.36856,4823.92106
  34000,2021-03-07T22:51:09.560-05:00,   0.959E-02, 541.38029,4838.22691
  34100,2021-03-07T22:51:13.321-05:00,   0.102E-01, 542.27104,4852.49930
  34200,2021-03-07T22:51:17.134-05:00,   0.109E-01, 543.31800,4866.68918
  34300,2021-03-07T22:51:20.989-05:00,   0.879E-02, 544.29630,4881.06318
  34400,2021-03-07T22:51:24.784-05:00,   0.105E-01, 545.31044,4895.21930
  34500,2021-03-07T22:51:28.603-05:00,   0.100E-01, 546.28490,4909.46808
  34600,2021-03-07T22:51:32.504-05:00,   0.856E-02, 547.20127,4924.00045
  34700,2021-03-07T22:51:36.211-05:00,   0.990E-02, 548.18654,4938.07215
  34800,2021-03-07T22:51:40.109-05:00,   0.979E-02, 549.13524,4952.60591
  34900,2021-03-07T22:51:43.944-05:00,   0.102E-01, 550.07613,4966.89861
  35000,2021-03-07T22:51:47.787-05:00,   0.107E-01, 551.08281,4981.21419
  35100,2021-03-07T22:51:51.626-05:00,   0.965E-02, 552.03562,4995.49445
  35200,2021-03-07T22:51:55.336-05:00,   0.943E-02, 553.00399,5009.58043
  35300,2021-03-07T22:51:59.105-05:00,   0.943E-02, 553.94684,5023.62789
  35400,2021-03-07T22:52:02.861-05:00,   0.105E-01, 554.89197,5037.62693
  35500,2021-03-07T22:52:06.636-05:00,   0.101E-01, 555.90562,5051.68036
  35600,2021-03-07T22:52:10.456-05:00,   0.854E-02, 556.80515,5065.91032
  35700,2021-03-07T22:52:14.140-05:00,   0.928E-02, 557.69356,5079.87680
  35800,2021-03-07T22:52:17.989-05:00,   0.877E-02, 558.57043,5094.22714
  35900,2021-03-07T22:52:21.810-05:00,   0.954E-02, 559.52107,5108.46342
  36000,2021-03-07T22:52:25.654-05:00,   0.994E-02, 560.53379,5122.77218
  36100,2021-03-07T22:52:29.408-05:00,   0.945E-02, 561.50900,5137.00952
  36200,2021-03-07T22:52:33.320-05:00,   0.939E-02, 562.44060,5151.62699
  36300,2021-03-07T22:52:37.101-05:00,   0.957E-02, 563.34534,5165.70995
  36400,2021-03-07T22:52:40.913-05:00,   0.974E-02, 564.26318,5179.90404
  36500,2021-03-07T22:52:44.693-05:00,   0.974E-02, 565.23730,5194.00872
  36600,2021-03-07T22:52:48.359-05:00,   0.886E-02, 566.22546,5207.92670
  36700,2021-03-07T22:52:52.161-05:00,   0.102E-01, 567.14233,5222.09562
  36800,2021-03-07T22:52:56.008-05:00,   0.928E-02, 568.07527,5236.46046
  36900,2021-03-07T22:52:59.782-05:00,   0.100E-01, 568.96855,5250.52055
  37000,2021-03-07T22:53:03.562-05:00,   0.840E-02, 569.91182,5264.86802
  37100,2021-03-07T22:53:07.403-05:00,   0.992E-02, 570.86653,5279.16528
  37200,2021-03-07T22:53:11.241-05:00,   0.108E-01, 571.78159,5293.44827
  37300,2021-03-07T22:53:15.290-05:00,   0.105E-01, 572.76089,5308.47719
  37400,2021-03-07T22:53:19.267-05:00,   0.989E-02, 573.69518,5323.24686
  37500,2021-03-07T22:53:23.107-05:00,   0.925E-02, 574.61863,5337.77343
  37600,2021-03-07T22:53:27.171-05:00,   0.863E-02, 575.54737,5352.92802
  37700,2021-03-07T22:53:31.344-05:00,   0.109E-01, 576.53008,5368.41770
  37800,2021-03-07T22:53:35.347-05:00,   0.101E-01, 577.59037,5383.29840
  37900,2021-03-07T22:53:39.520-05:00,   0.105E-01, 578.52459,5398.77586
  38000,2021-03-07T22:53:43.387-05:00,   0.102E-01, 579.52752,5413.38391
  38100,2021-03-07T22:53:47.361-05:00,   0.101E-01, 580.48082,5428.13017
  38200,2021-03-07T22:53:51.465-05:00,   0.859E-02, 581.41019,5443.37460
  38300,2021-03-07T22:53:55.462-05:00,   0.883E-02, 582.33295,5458.22448
  38400,2021-03-07T22:53:59.526-05:00,   0.891E-02, 583.29095,5473.35633
  38500,2021-03-07T22:54:03.373-05:00,   0.880E-02, 584.20085,5487.93947
  38600,2021-03-07T22:54:07.413-05:00,   0.945E-02, 585.12760,5503.01218
  38700,2021-03-07T22:54:11.306-05:00,   0.102E-01, 586.05887,5517.46831
  38800,2021-03-07T22:54:15.193-05:00,   0.102E-01, 587.07859,5531.94476
  38900,2021-03-07T22:54:19.188-05:00,   0.101E-01, 588.02896,5546.81619
  39000,2021-03-07T22:54:23.040-05:00,   0.102E-01, 588.99105,5561.42575
  39100,2021-03-07T22:54:26.848-05:00,   0.110E-01, 589.99043,5575.60373
  39200,2021-03-07T22:54:30.826-05:00,   0.856E-02, 590.94082,5590.41385
  39300,2021-03-07T22:54:34.857-05:00,   0.829E-02, 591.77664,5605.41717
  39400,2021-03-07T22:54:38.734-05:00,   0.960E-02, 592.68377,5620.08763
  39500,2021-03-07T22:54:42.743-05:00,   0.926E-02, 593.63414,5634.99442
  39600,2021-03-07T22:54:46.629-05:00,   0.957E-02, 594.50784,5649.43384
  39700,2021-03-07T22:54:50.467-05:00,   0.922E-02, 595.42866,5663.73093
  39800,2021-03-07T22:54:54.267-05:00,   0.869E-02, 596.37313,5678.13759
  39900,2021-03-07T22:54:58.188-05:00,   0.859E-02, 597.29404,5692.74350
  40000,2021-03-07T22:55:02.016-05:00,   0.946E-02, 598.26450,5706.99781
  40100,2021-03-07T22:55:05.872-05:00,   0.892E-02, 599.13185,5721.36973
  40191,2021-03-07T22:55:09.542-05:00,   0.858E-02, 600.00000,5734.99812
